original,parallel,level_partition
2.4e-07,0.00383617,5.861e-06
2.64e-07,0.00258802,5.541e-06
2.3e-07,0.00025171,0.000377715
2.3e-07,0.00422152,5.502e-06
2.4e-07,0.00182639,5.412e-06
2.41e-07,0.00350728,5.546e-06
2.47e-07,0.00257676,5.396e-06
2.45e-07,0.0058355,5.651e-06
2.36e-07,0.00321982,5.488e-06
2.35e-07,0.00265791,5.506e-06
