original,parallel,level_partition
2.73e-07,0.000217075,5.664e-06
2.51e-07,0.00194177,5.73e-06
2.83e-07,0.00419055,5.529e-06
2.54e-07,0.00242094,5.383e-06
2.97e-07,0.000234216,5.568e-06
2.39e-07,0.000852911,5.459e-06
2.62e-07,0.0105599,5.336e-06
2.31e-07,0.010706,5.296e-06
2.59e-07,0.00258365,5.243e-06
2.52e-07,0.000281965,5.337e-06
