original,parallel,level_partition
9.56e-07,0.000568339,3.2117e-05
9.52e-07,0.000742958,3.3526e-05
9.52e-07,0.00158332,3.2278e-05
1.009e-06,0.000478562,3.1764e-05
9.82e-07,0.00118908,3.2827e-05
9.91e-07,0.000586589,3.2886e-05
9.79e-07,0.000397947,3.2143e-05
1.031e-06,0.00358866,3.2774e-05
9.33e-07,0.000693543,3.2236e-05
1.022e-06,0.000739602,3.3366e-05
