original,parallel,level_partition
6.1e-07,0.00137028,2.1993e-05
5.51e-07,0.00608006,1.4936e-05
3.89e-07,0.00174215,1.3425e-05
3.49e-07,0.0016512,1.2612e-05
3.4e-07,0.00217268,1.1567e-05
3.02e-07,0.00231339,1.1195e-05
3.41e-07,0.0025905,0.000549746
2.91e-07,0.000287047,1.0459e-05
3.25e-07,0.000813117,1.0736e-05
3.27e-07,0.0037666,9.969e-06
