original,parallel,level_partition
1.194e-06,0.000574285,3.2831e-05
9.04e-07,0.00048892,3.3145e-05
1.032e-06,0.00247312,3.4713e-05
1.016e-06,0.000523655,3.2917e-05
9.88e-07,0.00193711,3.2517e-05
9.27e-07,0.000684283,2.2426e-05
7.23e-07,0.001183,2.2014e-05
7.35e-07,0.00221143,2.1672e-05
7.15e-07,0.00152123,2.1761e-05
7.42e-07,0.000820016,2.1691e-05
